Part No;Location No
2010-5574;MSD101
2010-4080;MSD101
2010-1242;MSD101
2010-3803;MSD101
2010-4810;MSD10
2011-1004;MSD10
2010-5494;MSD100
2010-2132;MSD100
2011-0034;MSD100
2010-5461;MSD102
2010-4996;MSD102
2010-4060;MSD102
2010-4613;MSD102
2010-1362;MSD102
2010-0948;MSD102
2011-0721;MSD102
2010-3965;MSD103
2010-4022;MSD103
2010-4102;MSD103
2010-4580;MSD103
2010-2452;MSD104
2010-5194;MSD104
2010-3532;MSD104
2010-2347;MSD104
1100-0293;MSD105
1555-1205;MSD105
2010-3584;MSD11
2010-2774;MSD11
2010-2329;MSD11
2010-2338;MSD11
2011-0731;MSD11
2010-3642;MSD111
2010-3773;MSD111
2010-3762;MSD111
2010-5484;MSD112
2010-1004;MSD112
2010-5363;MSD112
2010-5463;MSD113
2011-0782;MSD113
2011-0783;MSD113
2010-3674;MSD113
2010-5165;MSD114
2011-0101;MSD114
2010-5234;MSD12
2011-0151;MSD12
2011-0183;MSD120
2011-0673;MSD120
2011-0674;MSD120
2011-0601;MSD121
2010-4413;MSD121
2011-0602;MSD121
2011-0603;MSD121
2011-0053;MSD121
2011-1101;MSD122
2010-3634;MSD122
2010-4998;MSD123
2011-0525;MSD123
2010-5376;MSD123
2010-1153;MSD124
2010-3113;MSD124
2010-5016;MSD124
2011-1303;MSD13
2010-4183;MSD13
2010-3593;MSD13
2010-5650;MSD13
2010-3175;MSD130
2010-5006;MSD131
2011-0430;MSD132
2010-3522;MSD132
2011-0743;MSD132
2011-0824;MSD133
2010-4995;MSD133
2011-1053;MSD134
2011-1052;MSD134
2010-3655;MSD134
2010-5602;MSD14
2010-4866;MSD152
1601-1212;MSD160
2011-0646;MSD161
2011-0578;MSD163
2011-0751;MSD164
1601-0942;MSD170
1601-0931;MSD170
1601-1346;MSD171
1601-1262;MSD171
1601-0614;MSD172
1601-1283;MSD172
1601-1357;MSD172
1601-0937;MSD173
1600-0213;MSD173
1601-0934;MSD173
1601-1334;MSD174
1600-0299;MSD174
1601-0925;MSD180
1607-0013;MSD181
2010-5251;MSD20
2010-5252;MSD20
2010-5253;MSD20
1537-0603;MSD20
1601-0618;MSD200
1601-1342;MSD200
1607-0023;MSD200
1601-1226;MSD201
1601-0936;MSD201
1601-0922;MSD201
1600-0217;MSD201
1607-0046;MSD201
1601-1357;MSD201
1601-0623;MSD201
1601-0938;MSD202
1601-1343;MSD202
1601-0935;MSD203
1555-3259;MSD203
1601-0604;MSD204
1607-0041;MSD204
1601-0602;MSD204
1607-0045;MSD205
1601-1224;MSD205
1601-1340;MSD205
1548-4061;MSD205
2010-5056;MSD21
2011-1480;MSD21
2011-0752;MSD21
1600-0215;MSD21
1601-0609;MSD210
1601-1347;MSD210
1601-0719;MSD210
1601-1371;MSD210
1601-1267;MSD210
1607-0039;MSD211
1601-1363;MSD211
1601-1246;MSD211
1601-1280;MSD211
1601-1346;MSD212
1601-0614;MSD212
1601-1317;MSD212
1601-0930;MSD212
1601-0624;MSD212
1601-1217;MSD212
1601-0620;MSD212
1601-0630;MSD212
1601-1349;MSD212
1601-1316;MSD212
1548-4046;MSD212
1601-1339;MSD213
1601-0941;MSD213
1601-1283;MSD213
1548-4036;MSD213
1607-0040;MSD213
1607-0035;MSD213
1607-0026;MSD214
1601-1314;MSD214
2010-4213;MSD22
2010-3792;MSD22
2011-0669;MSD22
2010-5034;MSD22
1601-1313;MSD220
1601-0443;MSD220
1607-0033;MSD220
1601-0608;MSD220
1537-0607;MSD221
1601-1271;MSD221
1601-1318;MSD221
1601-0619;MSD221
1600-0360;MSD221
1557-1820;MSD221
1555-1764;MSD221
1535-9001;MSD221
1601-0943;MSD221
1557-1865;MSD221
1607-0038;MSD222
1557-1827;MSD222
1601-1362;MSD222
1601-0611;MSD222
1601-0428;MSD222
1600-0216;MSD222
1537-0604;MSD222
1555-2131;MSD222
1601-1309;MSD223
1600-0298;MSD223
1555-1760;MSD223
1601-1348;MSD223
1601-1351;MSD223
1600-0218;MSD223
1555-0742;MSD223
1601-1235;MSD224
1601-1341;MSD224
1601-1210;MSD224
1607-0024;MSD224
2011-0702;MSD23
2010-4404;MSD23
1607-0012;MSD230
1601-0632;MSD230
1600-0338;MSD231
1600-0105;MSD231
1601-1358;MSD231
1601-0155;MSD231
1601-1356;MSD231
1555-1795;MSD231
1601-1320;MSD231
1548-4040;MSD231
1548-4042;MSD231
1556-3081;MSD231
1557-1834;MSD231
1555-0741;MSD231
1548-4055;MSD231
1601-1360;MSD232
1557-1835;MSD232
1556-3050;MSD232
1555-3010;MSD232
1600-0027;MSD232
1519-0101;MSD232
1557-1856;MSD232
1557-1816;MSD232
1537-0606;MSD232
1557-1858;MSD232
1601-1319;MSD232
1555-1786;MSD233
1601-1236;MSD233
1600-0297;MSD233
1555-3228;MSD233
1600-0219;MSD233
1519-0103;MSD233
1555-3011;MSD233
1555-1784;MSD233
1555-1789;MSD233
1555-1783;MSD233
1557-1870;MSD233
1555-1790;MSD233
1555-1788;MSD233
1555-1750;MSD233
1555-1787;MSD233
1555-1793;MSD233
1555-1796;MSD233
1607-0027;MSD234
1600-0212;MSD234
1601-1205;MSD234
2011-0055;MSD24
2011-1520;MSD24
2011-1191;MSD24
1601-0442;MSD24
1600-0362;MSD24
2010-3121;MSD50
2010-5377;MSD50
2010-2593;MSD50
2011-0091;MSD50
2010-1193;MSD50
2010-4223;MSD51
2010-3431;MSD51
2011-0182;MSD51
2011-0645;MSD52
2010-2996;MSD52
2010-5236;MSD52
2010-3602;MSD53
2011-0514;MSD53
2010-2582;MSD54
2010-2444;MSD54
2011-0054;MSD54
2011-0404;MSD54
2011-1631;MSD55
2011-1170;MSD55
2011-1222;MSD55
2011-0950;MSD55
2010-1971;MSD60
2011-0336;MSD60
2011-0355;MSD60
2010-5612;MSD61
2010-1900;MSD61
2010-4590;MSD61
2011-0527;MSD62
2011-0234;MSD62
2011-0712;MSD63
2011-0456;MSD63
2011-0713;MSD63
2011-0373;MSD64
2011-0374;MSD64
2010-2761;MSD65
2010-3830;MSD65
2010-4622;MSD65
2010-4261;MSD70
2011-0704;MSD70
2010-2986;MSD70
2010-2783;MSD71
2010-3332;MSD71
2010-5023;MSD72
2010-3551;MSD73
2011-0363;MSD73
2010-3625;MSD73
2011-0344;MSD73
2010-3511;MSD74
2011-1140;MSD75
2010-4232;MSD80
2010-4014;MSD80
2010-4278;MSD80
2010-5053;MSD81
2010-4614;MSD81
2010-3461;MSD81
2011-0576;MSD82
2011-0486;MSD83
2010-4802;MSD83
2011-0497;MSD84
2011-0498;MSD84
2011-0483;MSD84
2010-0134;MSD90
2010-1210;MSD90
2010-1942;MSD91
2010-3610;MSD91
2010-1373;MSD91
2011-0990;MSD92
2010-0662;MSD92
2008-0132;MSD92
2010-1110;MSD92
2010-1273;MSD92
2010-4120;MSD93
2010-1130;MSD93
2010-2030;MSD93
2002-0051;MSD93
2010-1202;MSD94
2010-0782;MSD94
2010-1380;MSD94
1601-1242;MSDKÄ
4400-0012;CABINET2
4400-0002;CABINET2
4400-0003;CABINET2
4400-0004;CABINET2
4400-0007;CABINET2
4400-0009;CABINET2
4400-0001;CABINET2
1601-1297;CABINET2
1601-1299;CABINET2
1213-0013;U184
2011-0901;U236
2011-1005;U236
1556-3054;U238
2011-1162;U246
1548-2211;U246
1555-3004;U246
1555-2144;U246
1555-3003;U246
1555-2145;U246
1700-4631;U246
1700-7874;U246
1555-3260;U246
1557-4150;U246
1557-4148;U246
2011-1280;U246
1601-0156;U246
1700-7875;U246
2011-1160;U246
1555-3264;U246
1555-2141;U246
1545-1704;U246
1537-0654;U246
1548-4063;U246
1548-4064;U246
1600-0200;U246
1601-1370;U246
9011-7200;U246
2011-1200;U246
1558-2212;U246
1600-0226;U246
2011-1460;U246
2011-1163;U246
2011-1281;U246
2011-1271;U246
1555-2143;U246
1607-0048;U246
9011-7215;U255
9011-7220;U255
9011-7235;U255
2011-1032;U256
2011-1031;U256
2011-1501;U256
1039-2715;U256
2011-1030;U256
1200-3606;U256
9011-2041;U266
9011-7255;U271
1057-1900;UPRE
1710-1102;UPRE
1601-1272;UPRE
1557-4077;UPRE
1555-3013;UPRE
1601-1402;UPRE
1555-0915;UPRE
1557-4159;UPRE
1057-4097;UPRE
1558-2211;UPRE
1540-5220;UPRE
1025-9410;UPRE
1555-1797;UPRE
1601-1244;UPRE
1606-4052;UPRE
1548-4077;UPRE
1548-4078;UPRE
1700-7813;UPRE
1200-6288;UPRE
1200-6287;UPRE
2011-1600;UPRE
1556-3060;Y14K1
1600-0263;Y14K5
1700-9220;Y14K9
1502-4390;Y24
1502-8200;Y24
1503-0150;Y24
1500-4120;Y25
1505-6001;Y25
1507-0000;Y25
1544-7222;Y25
1544-7233;Y25
1544-7310;Y25
1544-7680;Y25
1544-9039;Y25
1548-4044;Y25
1548-4050;Y25
1548-4056;Y25
1555-0757;Y25
1555-2061;Y25
1600-0340;Y25
1600-0344;Y25
1601-0452;Y25
1603-8031;Y25
1700-4516;Y25
1540-4470;Y25
1555-0720;Y25
1555-2124;Y25
1555-2125;Y25
1555-2137;Y25
1555-2062;Y25
1555-2063;Y25
1503-4150;Y25
1601-1237;Y25
1509-0451;Y25
1500-0560;Y25
1555-2140;Y25
1555-3263;Y25
1557-1881;Y25
1557-1882;Y25
1600-0347;Y25
1540-1108;Y25
1555-2123;Y25
1555-0762;Y25
1500-9220;Y25
1501-1200;Y25
1501-1470;Y25
1501-2470;Y25
1501-9820;Y25
1501-9220;Y25
1501-0300;Y25
1501-1620;Y25
1501-9270;Y25
1500-2300;Y25
1500-3150;Y25
1501-0750;Y25
1501-0127;Y25
1500-3301;Y25
1500-9560;Y25
1500-2309;Y25
1500-1150;Y25
1500-3412;Y25
1500-9270;Y25
1500-9510;Y25
1501-9470;Y25
1500-1300;Y25
1500-1649;Y25
1500-2220;Y25
1500-2806;Y25
1500-2953;Y25
1500-4100;Y25
1500-9200;Y25
1544-9005;Y25
1544-9013;Y25
1544-9014;Y25
1544-9015;Y25
1544-9017;Y25
1544-9018;Y25
1544-9019;Y25
1544-9020;Y25
1544-9022;Y25
1544-9024;Y25
1544-9051;Y25
1533-0610;Y25
1533-2522;Y25
1533-3510;Y25
1534-2010;Y25
1534-2547;Y25
1534-3522;Y25
1535-3522;Y25
1546-0002;Y25
1546-0004;Y25
1546-0006;Y25
1547-6210;Y25
1547-6268;Y25
1547-6322;Y25
1547-6347;Y25
1548-3054;Y25
1548-3058;Y25
1548-3059;Y25
1548-3061;Y25
1548-4003;Y25
1548-4009;Y25
1548-4013;Y25
1548-4015;Y25
1548-4019;Y25
1548-4023;Y25
1544-9011;Y25
1544-9012;Y25
1501-1100;Y25
1501-1150;Y25
1501-2100;Y25
1501-2220;Y25
1501-9120;Y25
1501-9499;Y25
1544-5347;Y25
1501-0220;Y25
1500-1220;Y25
1502-1270;Y25
1502-2300;Y25
1502-2430;Y25
1502-3510;Y25
1502-4100;Y25
1502-4220;Y25
1502-4300;Y25
1502-5100;Y25
1555-0107;Y25
1555-0109;Y25
1555-0112;Y25
1555-0113;Y25
1555-0122;Y25
1555-0130;Y25
1555-0275;Y25
1555-0318;Y25
1555-0336;Y25
1555-0738;Y25
1555-0754;Y25
1555-0801;Y25
1555-0808;Y25
1555-0815;Y25
1555-0817;Y25
1555-0818;Y25
1555-0821;Y25
1555-0823;Y25
1555-0827;Y25
1555-0901;Y25
1555-0902;Y25
1555-0905;Y25
1555-0908;Y25
1555-2024;Y25
1555-2028;Y25
1555-2029;Y25
1555-2032;Y25
1555-2033;Y25
1555-2034;Y25
1555-2038;Y25
1502-8100;Y25
1502-8390;Y25
1502-9100;Y25
1502-9150;Y25
1502-9330;Y25
1502-9220;Y25
1502-9432;Y25
1502-9470;Y25
1502-9560;Y25
1502-9820;Y25
1502-9910;Y25
1503-0000;Y25
1503-0100;Y25
1503-0220;Y25
1503-1100;Y25
1503-2100;Y25
1503-2560;Y25
1503-3100;Y25
1503-8100;Y25
1503-8470;Y25
1503-9470;Y25
1505-7003;Y25
1505-7004;Y25
1505-7005;Y25
1505-7002;Y25
1505-7006;Y25
1506-7001;Y25
1506-7002;Y25
1506-7003;Y25
1506-7004;Y25
1508-0680;Y25
1508-1390;Y25
1508-2270;Y25
1508-4820;Y25
1508-8047;Y25
1508-8220;Y25
1508-9100;Y25
1508-9470;Y25
1510-2100;
*;*
1518-1040;Y25
1519-0104;Y25
1555-0101;Y25
1555-0104;Y25
1555-0105;Y25
1555-0106;Y25
1501-1820;Y25
1544-9025;Y25
1540-1103;Y25
1540-2010;Y25
1540-5018;Y25
1540-5022;Y25
1540-5047;Y25
1540-5100;Y25
1540-7220;Y25
1540-7470;Y25
1541-2010;Y25
1541-5100;Y25
1541-5220;Y25
1541-5310;Y25
1541-5400;Y25
1541-5410;Y25
1541-6010;Y25
1541-6150;Y25
1541-6220;Y25
1542-6220;Y25
1543-5018;Y25
1543-5100;Y25
1543-5322;Y25
1543-5347;Y25
1543-5410;Y25
1543-6330;Y25
1543-7247;Y25
1543-7410;Y25
1543-8410;Y25
1543-8425;Y25
1544-1100;Y25
1544-1101;Y25
1544-5322;Y25
1544-5422;Y25
1544-6010;Y25
1544-6110;Y25
1544-6122;Y25
1544-6210;Y25
1544-6310;Y25
1544-6339;Y25
1544-6410;Y25
1544-7210;Y25
1544-7410;Y25
1544-9002;Y25
1555-0909;Y25
1544-9026;Y25
1555-2040;Y25
1555-2041;Y25
1555-2042;Y25
1555-2046;Y25
1555-2047;Y25
1555-2083;Y25
1555-2093;Y25
1555-2095;Y25
1555-3208;Y25
1555-3209;Y25
1555-3211;Y25
1555-3212;Y25
1555-3215;Y25
1555-3217;Y25
1555-3218;Y25
1555-3219;Y25
1555-3220;Y25
1555-3223;Y25
1601-0341;Y25
1541-2033;Y25
1541-5150;Y25
1501-1825;Y25
1541-7470;Y25
1500-9750;Y25
1519-0303;Y25
1501-1270;Y25
1501-0470;Y25
1519-0302;Y25
1541-5422;Y25
1500-2150;Y25
1541-5470;Y25
1543-5247;Y25
1500-2180;Y25
1542-6247;Y25
1601-0406;Y25
1500-0110;Y25
1500-0150;Y25
1500-3470;Y25
1548-4028;Y25
1542-6147;Y25
1555-0813;Y25
1601-0412;Y25
1500-9820;Y25
1500-1560;Y25
1501-3330;Y25
1543-8010;Y25
1543-5210;Y25
1544-6022;Y25
1544-6133;Y25
1601-0432;Y25
1503-9120;Y25
1500-2620;Y25
1503-3560;Y25
1503-3240;Y25
1501-0680;Y25
1555-0201;Y25
1503-9220;Y25
1557-4060;Y25
1500-1820;Y25
1503-3120;Y25
1501-0000;Y25
1501-3100;Y25
1501-3180;Y25
1502-1130;Y25
1503-0130;Y25
1503-0330;Y25
1503-2270;Y25
1503-3220;Y25
1503-8330;Y25
1509-0000;Y25
1540-3127;Y25
1540-5010;Y25
1541-1010;Y25
1541-2022;Y25
1541-2047;Y25
1541-5047;Y25
1543-5022;Y25
1544-5122;Y25
1544-5368;Y25
1544-9001;Y25
1544-9023;Y25
1544-9052;Y25
1555-0157;Y25
1555-0175;Y25
1555-0306;Y25
1555-0734;Y25
1555-0807;Y25
1555-1102;Y25
1555-2030;Y25
1555-2036;Y25
1555-2104;Y25
1503-1390;Y25
1500-3133;Y25
1548-4029;Y25
1503-8240;Y25
1555-3204;Y25
1500-0750;Y25
1500-3270;Y25
1500-1680;Y25
1555-0211;Y25
1500-9150;Y25
1557-4020;Y25
1500-3220;Y25
1555-1103;Y25
1557-4099;Y25
1557-4105;Y25
1601-0885;Y25
1540-6220;Y25
1544-1102;Y25
1601-0884;Y25
1555-0140;Y25
1555-0141;Y25
1555-0142;Y25
1555-0831;Y25
1555-0832;Y25
1501-3390;Y25
1501-1120;Y25
1540-6330;Y25
1504-0100;Y25
1557-4114;Y25
1710-0752;Y25
1500-1120;Y25
1601-0351;Y25
1555-0758;Y25
1557-4029;Y25
1500-9180;Y25
1500-0390;Y25
1555-2109;Y25
1541-2470;Y25
1544-9004;Y25
1519-0304;Y25
1541-5522;Y25
1501-1180;Y25
1541-2100;Y25
1503-9560;Y25
1541-4047;Y25
1555-2107;Y25
1503-9680;Y25
1555-0127;Y25
1555-2049;Y25
1544-9033;Y25
1600-0339;Y25
1503-2330;Y25
1541-2210;Y25
1541-5270;Y25
1555-2110;Y25
1557-4107;Y25
1541-5022;Y25
1555-2112;Y25
1501-2820;Y25
1501-0180;Y25
1501-8560;Y25
1501-2330;Y25
1555-3262;Y25
1505-7009;Y25
1500-4180;Y25
1500-8820;Y25
1543-8510;Y25
1502-3820;Y25
1519-0107;Y25
1503-3330;Y25
1503-4100;Y25
1502-1200;Y25
1500-3680;Y25
1600-0013;Y25
1545-1703;Y25
1555-0750;Y25
1601-0331;Y25
1502-0560;Y25
1502-2240;Y25
1502-0576;Y25
1502-1560;Y25
1502-1680;Y25
1502-3560;Y25
1502-3220;Y25
1502-2120;Y25
1502-1330;Y25
1502-3150;Y25
1502-2820;Y25
1502-1220;Y25
1502-0120;Y25
1502-3120;Y25
1500-0680;Y25
1502-2560;Y25
1502-0330;Y25
1502-0220;Y25
1502-2220;Y25
1502-0820;Y25
1502-1120;Y25
1502-2680;Y25
1502-1150;Y25
1502-3330;Y25
1502-2150;Y25
1502-0100;Y25
1502-2470;Y25
1502-1470;Y25
1502-0680;Y25
1502-0470;Y25
1502-3100;Y25
1502-2100;Y25
1500-1200;Y25
1500-0470;Y25
1500-3249;Y25
1502-3200;Y25
1502-2200;Y25
1502-2180;Y25
1502-0000;Y25
1502-0287;Y25
1502-3270;Y25
1502-0180;Y25
1502-0390;Y25
1502-1820;Y25
1502-1115;Y25
1500-0180;Y25
1502-0130;Y25
1500-2750;Y25
1500-3240;Y25
1502-2270;Y25
1500-1470;Y25
1500-3100;Y25
1500-0820;Y25
1500-1270;Y25
1500-9499;Y25
1500-1750;Y25
1500-3120;Y25
1500-4150;Y25
1500-2680;Y25
1500-0100;Y25
1500-0130;Y25
1502-0750;Y25
1502-0200;Y25
1502-0698;Y25
1502-2196;Y25
1500-3330;Y25
1500-3820;Y25
1500-2430;Y25
1500-3200;Y25
1500-2560;Y25
1500-2330;Y25
1508-0330;Y25
1509-0309;Y25
1500-3887;Y25
1500-3324;Y25
1501-1220;Y25
1501-1330;Y25
1501-1680;Y25
1500-2200;Y25
1500-0120;Y25
1500-3255;Y25
1500-3390;Y25
1500-3560;Y25
1500-2120;Y25
1601-0440;Y25
1501-2390;Y25
1501-2560;Y25
1501-3120;Y25
1501-3150;Y25
1501-3560;Y25
1501-4100;Y25
1501-8470;Y25
1501-8820;Y25
1501-9100;Y25
1501-0330;Y25
1501-2120;Y25
1501-2150;Y25
1501-3470;Y25
1500-1620;Y25
1500-1180;Y25
1501-0100;Y25
1501-2680;Y25
1500-2820;Y25
1557-4001;Y25
1557-4012;Y25
1557-4013;Y25
1557-4025;Y25
1557-4026;Y25
1557-4027;Y25
1557-4054;Y25
1548-4025;Y25
1555-3224;Y25
1519-0402;Y25
1500-2270;Y25
1543-8433;Y25
1557-4081;Y25
1557-4083;Y25
1557-4085;Y25
1557-4086;Y25
1557-4088;Y25
1558-2115;Y25
1558-2204;Y25
1600-0009;Y25
1600-1016;Y25
1601-0325;Y25
1601-0330;Y25
1601-0407;Y25
1601-0414;Y25
1601-0434;Y25
1601-1352;Y25
1603-4620;Y25
1603-8004;Y25
1603-8006;Y25
1603-8008;Y25
1603-8009;Y25
1603-8014;Y25
1603-8032;Y25
1603-9004;Y25
1603-9008;Y25
1603-9125;Y25
1555-0910;Y25
1508-4100;Y25
1555-0110;Y25
1503-2220;Y25
1543-5268;Y25
1603-9126;Y25
1501-0390;Y25
1501-2270;Y25
1542-7210;Y25
1500-0220;Y25
1500-8150;Y25
1537-0653;Y25
1548-4065;Y25
1500-2130;Y25
1505-7014;Y25
1541-5010;Y25
1518-1001;Y25
1503-0560;Y25
1544-9029;Y25
1555-0115;Y25
1555-0716;Y25
1555-0111;Y25
1519-0106;Y25
1503-2470;Y25
1541-7680;Y25
1603-8080;Y25
1500-9340;Y25
1500-2390;Y25
1557-4144;Y25
1557-4152;Y25
1600-0363;Y25
1601-0490;Y25
1603-8083;Y25
1542-5100;Y25
1543-5310;Y25
1500-9604;Y25
1555-2081;Y25
1505-7008;Y25
1700-3322;Y25
1548-4024;Y25
1546-0010;Y25
1541-5033;Y25
1540-5680;Y25
1541-7100;Y25
1540-5330;Y25
1544-5168;Y25
1540-5471;Y25
1500-2910;Y25
1544-9010;Y25
1544-9028;Y25
1557-1846;Y25
1555-2106;Y25
1502-9390;Y25
1601-0889;Y25
1509-0102;Y25
1500-3430;Y25
1508-1100;Y25
1500-5100;Y25
1500-1806;Y25
1501-1210;Y25
1501-0267;Y25
1502-2442;Y25
1557-4094;Y25
1555-0911;Y25
1503-1560;Y25
1557-4062;Y25
1507-9200;Y25
1557-4061;Y25
1557-1839;Y25
1557-1841;Y25
1509-0300;Y25
1557-1843;Y25
1557-4096;Y25
1601-0438;Y25
1603-8034;Y25
1548-4032;Y25
1555-1053;Y25
1540-0622;Y25
1548-4033;Y25
1548-4031;Y25
1509-0403;Y25
1509-0405;Y25
1544-9032;Y25
1700-3321;Y25
1700-3301;Y25
1700-3302;Y25
1503-0200;Y25
1555-0719;Y25
1500-8100;Y25
1540-0710;Y25
1541-8220;Y25
1543-6410;Y25
1555-0143;Y25
1501-0270;Y25
1540-0610;Y25
1500-8510;Y25
1500-9402;Y25
1500-0240;Y25
1500-1499;Y25
1557-4023;Y25
1557-1860;Y25
1540-1107;Y25
1555-2050;Y25
1555-0212;Y25
1509-0415;Y25
1540-7100;Y25
1544-9037;Y25
1548-4038;Y25
1555-0840;Y25
1555-3238;Y25
1555-3302;Y25
1600-0106;Y25
1500-0162;Y25
1500-0200;Y25
1501-8100;Y25
1503-8150;Y25
1505-7010;
*;*
1505-7013;
*;*
1509-0307;
*;*
1509-0308;
*;*
1600-0346;Y25
1555-0147;Y25
1503-1470;Y25
1557-4132;Y25
1509-0416;
*;*
1555-3241;Y25
1504-9036;Y25
1555-0723;Y25
1555-0834;Y25
1555-0203;Y25
1502-2332;Y25
1500-0510;Y25
1555-3150;Y25
1546-0011;Y25
1540-4047;Y25
1555-2084;Y25
1509-0302;Y25
1557-4021;Y25
1543-9010;Y25
1555-0144;Y25
1544-9027;Y25
1502-8332;Y25
1540-8100;Y25
1600-0294;Y25
1555-2130;Y25
1500-2301;Y25
1555-3240;Y25
1555-2074;Y25
1600-0107;Y25
1555-0844;Y25
1555-0913;Y25
1544-9036;Y25
1544-9048;Y25
1540-5030;Y25
1540-5015;Y25
1540-1109;Y25
1555-3012;Y25
1555-3255;Y25
1557-4069;Y25
1557-4071;Y25
1557-4072;Y25
1557-4112;Y25
1601-0333;Y25
1557-4113;Y25
1601-0334;Y25
1601-0345;Y25
1601-0446;Y25
1603-8036;Y25
1603-9009;Y25
1540-5027;Y25
1540-1110;Y25
1541-1015;Y25
1540-0611;Y25
1555-0744;Y25
1555-0746;Y25
1555-0747;Y25
1555-0755;Y25
1555-0756;Y25
1555-0835;Y25
1555-2120;Y25
1509-0306;Y25
1509-0310;Y25
1555-2117;Y25
1500-1604;Y25
1500-0931;Y25
1700-5192;Y25
1544-9006;Y25
1603-8082;Y25
1500-2100;Y25
1555-0837;Y25
1555-0131;Y25
1601-0403;Y25
1500-4220;Y25
1500-3180;Y25
1555-0848;Y25
1544-9041;Y25
1544-9038;Y25
1603-8011;Y25
1555-1203;Y25
1500-9680;Y25
1500-0698;Y25
1544-9053;Y25
1544-9040;Y25
1541-1105;Y25
1503-8510;Y25
1501-2180;Y25
1509-0414;Y25
1557-4075;Y25
1500-9933;Y25
1548-3063;Y25
1500-9100;Y25
1503-2680;Y25
1500-8470;Y25
1502-1390;Y25
1508-7001;Y25
1555-0759;Y25
1509-0305;Y25
1555-0914;Y25
1555-1055;Y25
1555-2115;Y25
1557-4115;Y25
1600-0343;Y25
1544-9047;Y25
1555-0845;Y25
1555-0849;Y25
1541-2068;Y25
1509-0450;Y25
1500-9390;Y25
1509-0304;Y25
1509-0303;Y25
1557-4028;Y25
1540-5820;Y25
1540-5082;Y25
1543-8447;Y25
1555-3235;Y25
1555-3236;Y25
1555-3301;Y25
1500-4390;Y25
1548-4060;Y25
1557-4151;Y25
1200-5211;Y26
1200-5201;Y26
1700-4502;Y26
1700-6242;Y34
1700-6244;Y34
1700-6239;Y34
1700-6240;Y34
1700-6241;Y34
1700-6243;Y34
1700-6252;Y34
1710-1108;Y41
1710-1104;Y41
1700-6402;Y41
1556-3052;Y42
1700-0152;Y43
1700-0153;Y43
1700-0154;Y43
1700-0159;Y43
1700-0155;Y43
1700-0172;Y43
1700-0174;Y43
1700-0173;Y43
1557-4080;Y44
1500-0330;Y45
1547-9001;Y45
1555-0841;Y45
1557-1869;
1557-4116;Y45
1557-4126;Y45
1558-2209;Y45
1600-0038;Y45
1601-0460;Y45
1700-0025;Y45
1700-6255;Y45
1555-2113;Y45
1555-2089;Y45
1700-4630;Y45
1700-5185;Y45
1557-1894;Y45
1557-4134;Y45
1555-3231;Y45
1557-1863;Y45
1555-2073;Y45
1537-0609;Y45
1557-1880;
1700-4701;Y45
1700-4702;Y45
1700-7873;Y45
1555-0852;Y45
1555-2139;Y45
1555-3257;Y45
1557-1879;Y45
1557-1887;Y45
1557-4154;Y45
1555-0745;Y45
1540-1102;Y45
1500-2470;Y45
1500-0000;Y45
1555-3233;Y45
1500-1330;Y45
1503-9100;Y45
1540-1106;Y45
1557-1859;Y45
1557-1878;Y45
1555-0723;Y45
1555-3232;Y45
1603-0074;Y45
1544-9021;Y45
1541-1101;Y45
1537-0602;Y45
1537-0610;Y45
1537-0611;Y45
1537-0625;Y45
1537-0630;Y45
1537-0635;Y45
1537-0615;Y45
1557-1829;Y45
1518-1042;Y45
1555-0804;Y45
1555-0809;Y45
1555-2020;Y45
1555-0802;Y45
1555-3142;Y45
1557-4084;Y45
1600-0262;Y45
1600-0337;Y45
1601-0422;Y45
1603-4053;Y45
1603-0014;Y45
1600-0026;Y45
1603-0004;Y45
1600-0288;Y45
1557-1833;Y45
1555-2102;Y45
1600-0287;Y45
1600-0333;Y45
1601-0424;Y45
1601-0340;Y45
1600-0289;Y45
1555-3213;Y45
1600-0272;Y45
1603-8001;Y45
1603-8002;Y45
1603-8003;Y45
1601-0874;Y45
1555-2022;Y45
1600-0023;Y45
1555-0706;Y45
1555-2103;Y45
1555-3214;Y45
1600-0283;Y45
1603-0132;Y45
1601-1354;Y45
1601-0411;Y45
1557-4018;Y45
1600-0280;Y45
1555-0819;Y45
1557-4087;Y45
1700-5190;Y45
1600-0014;Y45
1555-0718;Y45
1557-1851;Y45
1555-0731;Y45
1557-4100;Y45
1557-1854;Y45
1557-1842;Y45
1557-4098;Y45
1557-1845;Y45
1518-1044;Y45
1537-0655;Y45
1518-1046;Y45
1555-3002;Y45
1601-0437;Y45
1555-3141;Y45
1603-4052;Y45
1600-0030;Y45
1555-0851;Y45
1601-0429;Y45
1700-7811;Y45
1601-0882;Y45
1600-0005;Y45
1558-2206;Y45
1555-2111;Y45
1555-0735;Y45
1555-0833;Y45
1557-4106;Y45
1555-2108;Y45
1557-4103;Y45
1557-4102;Y45
1557-4104;Y45
1557-4015;Y45
1557-1853;Y45
1601-0439;Y45
1601-0421;Y45
1700-5172;Y45
1555-2072;Y45
1600-0012;Y45
1600-0022;Y45
1600-0273;Y45
1601-0402;Y45
1600-0033;Y45
1555-0202;Y45
1600-0291;Y45
1603-0008;Y45
1557-1815;Y45
1500-9470;Y45
1500-0300;Y45
1544-9030;Y45
1600-0034;Y45
1555-2114;Y45
1601-0425;Y45
1557-1844;Y45
1555-2122;Y45
1600-0039;Y45
1502-9499;Y45
1540-5470;Y45
1600-0345;Y45
1546-0005;Y45
1500-1100;Y45
1557-4141;Y45
1540-1105;Y45
1557-1877;Y45
1557-4008;Y45
1557-1884;Y45
1557-4040;Y45
1518-1041;Y45
1520-1110;Y45
1548-3050;Y45
1548-3053;Y45
1548-3060;Y45
1548-3062;Y45
1555-0702;Y45
1555-0703;Y45
1555-0704;Y45
1555-0705;Y45
1555-0711;Y45
1555-0713;Y45
1555-0712;Y45
1555-0810;Y45
1555-0812;Y45
1555-0816;Y45
1555-0814;Y45
1555-0826;Y45
1555-0829;Y45
1555-0850;Y45
1555-1052;Y45
1555-1001;Y45
1555-2088;Y45
1555-2025;Y45
1555-2090;Y45
1555-2094;Y45
1555-2096;Y45
1555-2097;Y45
1555-2099;Y45
1555-3140;Y45
1555-3200;Y45
1555-3207;Y45
1557-1822;Y45
1557-1826;Y45
1557-4005;Y45
1557-4006;Y45
1557-4009;Y45
1557-4050;Y45
1557-4051;Y45
1557-4055;Y45
1557-4089;Y45
1557-5101;Y45
1558-2201;Y45
1558-2202;Y45
1558-2203;Y45
1600-0011;Y45
1600-0017;Y45
1600-0285;Y45
1600-0286;Y45
1600-0334;Y45
1601-0326;Y45
1601-0416;Y45
1601-0881;Y45
1603-0000;Y45
1603-0032;Y45
1603-0165;Y45
1700-5180;Y45
1700-7801;Y45
1700-7802;Y45
1700-7803;Y45
1700-7805;Y45
1548-3052;Y45
1600-0029;Y45
1555-3125;Y45
1557-4145;Y45
1719-0001;Y45
1555-2027;Y45
1600-0036;Y45
1710-1105;Y45
1556-3082;Y45
1557-1873;Y45
1601-0890;Y45
1557-4063;Y45
1700-7810;Y45
1700-6411;Y45
1557-1837;Y45
1557-1838;Y45
1557-4097;Y45
1700-6238;Y45
1600-0321;Y45
1601-0327;Y45
1601-0321;Y45
1556-3091;Y45
1555-0830;Y45
1557-4016;Y45
1555-0822;Y45
1700-6246;Y45
1600-0401;Y45
1557-1852;Y45
1555-0740;Y45
1600-0267;Y45
1555-0728;Y45
1555-2138;Y45
1700-0466;Y45
1700-6262;Y45
1700-7870;Y45
1601-0415;Y45
1601-0436;Y45
1601-1266;Y45
1601-1270;Y45
1601-1304;Y45
1603-4040;Y45
1603-0595;Y45
1604-0032;Y45
1600-0261;Y45
1600-0266;Y45
1601-0329;Y45
1700-7865;Y45
1555-3201;Y45
1700-0142;Y45
1555-3216;Y45
1601-0324;Y45
1557-4014;Y45
1555-2023;Y45
1557-1828;Y45
1700-7872;Y45
1557-4019;Y45
1602-4049;Y45
1602-4011;Y45
1557-1832;Y45
1601-0320;Y45
1603-0002;Y45
1700-6420;Y45
1557-1855;Y45
1555-0736;Y45
1537-0634;Y45
1603-8035;Y45
1555-0743;Y45
1557-4111;Y45
1555-2037;Y45
1555-3230;Y45
1603-8081;Y45
1557-4076;Y45
1555-0838;Y45
1557-1819;Y45
1540-1104;Y45
1700-7852;Y45
1700-7853;Y45
1509-0452;Y45
1557-1850;Y45
1558-2114;Y45
1557-4109;Y45
1700-6426;Y45
1601-0154;Y45
1555-3239;Y45
1555-2116;Y45
1601-0319;Y45
1547-7220;Y45
1500-9330;Y45
1700-0024;Y45
1600-0230;Y45
1557-4131;Y45
1700-5222;Y45
1700-5220;Y45
1700-4515;Y45
1600-0361;Y45
1557-4135;Y45
1557-4140;Y45
1557-4122;Y45
1557-4121;Y45
1557-4120;Y45
1557-4037;Y45
1557-1866;Y45
1557-1864;Y45
1557-1862;Y45
1601-0449;Y45
1555-2055;Y45
1557-1847;Y45
1555-0843;Y45
1555-0722;Y45
1502-9750;Y45
1601-0448;Y45
1600-0326;Y45
1555-0725;Y45
1548-4051;Y45
1555-0215;Y45
1555-2118;Y45
1555-2121;Y45
1555-0846;Y45
1555-2135;Y45
1544-9016;Y45
1555-2060;Y45
1710-1110;Y45
1700-6247;Y45
1700-6248;Y45
1557-4024;Y45
1547-8101;Y45
1700-4501;Y45
1557-4110;Y45
1557-4070;Y45
1557-4068;Y45
1557-4064;Y45
1700-6249;Y45
1700-6250;Y45
1700-7815;Y45
1601-0891;Y45
1601-1380;Y45
1700-7816;Y45
1700-0044;Y45
1555-0749;Y45
1557-4117;Y45
1555-2127;Y45
1502-1100;Y45
1700-6253;Y45
1557-4119;Y45
1700-4603;Y46
1700-4401;Y46
1557-4056;Y46
1600-0008;Y46
1600-0021;Y46
1700-3058;Y47
1700-0144;Y47
1700-6237;Y47
1700-6245;Y47
1700-7511;Y47
1700-6409;Y6
1537-0651;Y63
1700-6230;Y7
1700-3059;Y7
1557-1888;Y7
1700-7854;Y7
1700-7860;Y7
1557-1875;Y7
1557-1821;Y76
5003-2851;YK22
5003-3011;YK22
5003-2801;YK22
5001-6601;YK24
5003-1301;YK24
5002-0201;YK24
5003-4031;YK25
5002-2511;YK32
5003-3901;YK33
5003-0001;YK35
5003-4290;YK51
5003-2502;YK52
5003-4090;YK53
5003-5121;YK53
5003-5131;YK53
5003-1521;YK54
5003-4011;YK54
5010-0298;YK62
5003-2591;YK62
5003-2511;YK62
5003-1721;YK63
5003-5111;YK63
5003-4001;YK63
5002-0251;YK64
5002-7121;YK64
1555-0727;U201
2011-0791;U227
1200-9016;U227
1200-9015;U227
2011-0790;U227
1057-4050;UOTH
2011-1630;UOTH
1548-4058;UOTH
2011-1211;UOTH
9011-2040;UOTH
2011-1530;UOTH
2011-0820;UOTH
1025-9413;UOTH
1025-9420;UOTH
1600-0342;UOTH
1213-5801;UOTH
2011-1190;UOTH
1200-5108;UOTH
1200-6286;UOTH
2011-1300;UOTH
2011-0489;UOTH
1557-4157;UOTH
1555-0763;UOTH
2011-1660;UOTH
2011-1640;UOTH
1212-1055;UOTH
1212-1054;UOTH
2011-1650;UOTH
9011-7225;UOTH
9011-7240;UOTH
1111-0103;UOTH
1557-1876;UOTH
1557-1892;UOTH
1601-1381;UOTH
1601-1260;UOTH
1601-1376;UOTH
1601-1375;UOTH
1600-0040;UOTH
1555-0765;UOTH
1557-4142;UOTH
1607-0047;U246
1555-0761;UOTH
1555-3256;UOTH
